id,name_,image_url,is_closed,url,review_count,category,rating,price,display_phone,latitude,longitude,address1,address2,address3,city,zip_code,country,state_
DNKucP0SZ7ea-nOZgetFhg,Great Divide Brewing Company,https://s3-media3.fl.yelpcdn.com/bphoto/KAccMuhlXGS1PqkdUNpGJA/o.jpg,FALSE,https://www.yelp.com/biz/great-divide-brewing-company-denver?adjust_creative=2HS7cwZSZjB4KpQC_8JOTw&utm_campaign=yelp_api_v3&utm_medium=api_v3_business_search&utm_source=2HS7cwZSZjB4KpQC_8JOTw,1008,Brewery,4.5,$,(303) 296-9460,39.7539,-104.98846,2201 Arapahoe St,,,Denver,80205,US,CO
u0lEXYd_cdf2_Zg99rSM9w,Vine Street Pub & Brewery,https://s3-media1.fl.yelpcdn.com/bphoto/kRMvxwWCDewv0tat2syeug/o.jpg,FALSE,https://www.yelp.com/biz/vine-street-pub-and-brewery-denver?adjust_creative=2HS7cwZSZjB4KpQC_8JOTw&utm_campaign=yelp_api_v3&utm_medium=api_v3_business_search&utm_source=2HS7cwZSZjB4KpQC_8JOTw,920,Brewery,4,$$,(303) 388-2337,39.7434,-104.96201,1700 Vine St,,,Denver,80206,US,CO
3asUEG-iok2bunLBp1O_mw,Lowdown Brewery + Kitchen,https://s3-media2.fl.yelpcdn.com/bphoto/4BVCLbTZXqdo_rDVwc5Ezg/o.jpg,FALSE,https://www.yelp.com/biz/lowdown-brewery-kitchen-denver?adjust_creative=2HS7cwZSZjB4KpQC_8JOTw&utm_campaign=yelp_api_v3&utm_medium=api_v3_business_search&utm_source=2HS7cwZSZjB4KpQC_8JOTw,450,Brewery,4.5,$$,(720) 524-8065,39.72938919,-104.9857483,800 Lincoln St,,,Denver,80203,US,CO
_jUBigRXts5f3b7ayKLI6Q,The Post Brewing Co. Denver,https://s3-media4.fl.yelpcdn.com/bphoto/8GJ2yRJPJhe_BgNB-fPunQ/o.jpg,FALSE,https://www.yelp.com/biz/the-post-brewing-co-denver-denver?adjust_creative=2HS7cwZSZjB4KpQC_8JOTw&utm_campaign=yelp_api_v3&utm_medium=api_v3_business_search&utm_source=2HS7cwZSZjB4KpQC_8JOTw,614,Brewery,4.5,$$,(720) 466-5699,39.67639,-104.98716,2200 South Broadway,,,Denver,80210,US,CO
ofPa6i98oFCiq0zoWj1cvw,Black Shirt Brewing,https://s3-media1.fl.yelpcdn.com/bphoto/wiXtOXrM3gKUkaYcll3oNg/o.jpg,FALSE,https://www.yelp.com/biz/black-shirt-brewing-denver-3?adjust_creative=2HS7cwZSZjB4KpQC_8JOTw&utm_campaign=yelp_api_v3&utm_medium=api_v3_business_search&utm_source=2HS7cwZSZjB4KpQC_8JOTw,325,Brewery,4.5,$,(303) 993-2799,39.76976729,-104.9729352,3719 Walnut St,,,Denver,80205,US,CO
PwhZsjVk3z8muJrALTUrMA,Denver Beer Co,https://s3-media1.fl.yelpcdn.com/bphoto/PXSR3BNOuHMvlbdhkMeR5A/o.jpg,FALSE,https://www.yelp.com/biz/denver-beer-co-denver-3?adjust_creative=2HS7cwZSZjB4KpQC_8JOTw&utm_campaign=yelp_api_v3&utm_medium=api_v3_business_search&utm_source=2HS7cwZSZjB4KpQC_8JOTw,607,Brewery,4,$,(303) 433-2739,39.75832,-105.00722,1695 Platte St,,,Denver,80202,US,CO
IqC4v53GgZce6TbLqyFa7Q,Bull & Bush,https://s3-media3.fl.yelpcdn.com/bphoto/PuehlNL_wpHR3K3EOCu5gw/o.jpg,FALSE,https://www.yelp.com/biz/bull-and-bush-denver-3?adjust_creative=2HS7cwZSZjB4KpQC_8JOTw&utm_campaign=yelp_api_v3&utm_medium=api_v3_business_search&utm_source=2HS7cwZSZjB4KpQC_8JOTw,780,Brewery,4,$$,(303) 759-0333,39.70325089,-104.9325256,4700 Cherry Creek Dr S,,,Denver,80246,US,CO
HV3M2p6ksP1xbptoQ7PlBg,10 Barrel Brewing - Denver,https://s3-media2.fl.yelpcdn.com/bphoto/zoZw2fFOuRsoKIYrm9voAQ/o.jpg,FALSE,https://www.yelp.com/biz/10-barrel-brewing-denver-denver?adjust_creative=2HS7cwZSZjB4KpQC_8JOTw&utm_campaign=yelp_api_v3&utm_medium=api_v3_business_search&utm_source=2HS7cwZSZjB4KpQC_8JOTw,349,Brewery,4.5,$$,(720) 573-8992,39.75939,-104.9856446,2620 Walnut St,,,Denver,80205,US,CO
fsP5zLIRLf0gcuZpI94eYw,Wynkoop Brewing,https://s3-media3.fl.yelpcdn.com/bphoto/DzMMGuxS3bJASkK8jYgtEA/o.jpg,FALSE,https://www.yelp.com/biz/wynkoop-brewing-denver-2?adjust_creative=2HS7cwZSZjB4KpQC_8JOTw&utm_campaign=yelp_api_v3&utm_medium=api_v3_business_search&utm_source=2HS7cwZSZjB4KpQC_8JOTw,1217,Brewery,3.5,$$,(303) 297-2700,39.753455,-104.998468,1634 18th St,,,Denver,80202,US,CO
Mds_fqDsWYEF0gvW_PhBXA,Epic Brewing Company,https://s3-media2.fl.yelpcdn.com/bphoto/DZrVviM57deR56IV2keZ7A/o.jpg,FALSE,https://www.yelp.com/biz/epic-brewing-company-denver?adjust_creative=2HS7cwZSZjB4KpQC_8JOTw&utm_campaign=yelp_api_v3&utm_medium=api_v3_business_search&utm_source=2HS7cwZSZjB4KpQC_8JOTw,420,Brewery,4,$,(720) 539-7410,39.763424,-104.981324,3001 Walnut St,,,Denver,80205,US,CO
e78QfZ3Fnj_z8RHtvn2-Uw,Blue Moon Brewing Company,https://s3-media2.fl.yelpcdn.com/bphoto/8745FqlN853lANNFHRtfhA/o.jpg,FALSE,https://www.yelp.com/biz/blue-moon-brewing-company-denver?adjust_creative=2HS7cwZSZjB4KpQC_8JOTw&utm_campaign=yelp_api_v3&utm_medium=api_v3_business_search&utm_source=2HS7cwZSZjB4KpQC_8JOTw,466,Brewery,4,$$,(303) 728-2337,39.77372684,-104.9772733,3750 Chestnut Pl,,,Denver,80216,US,CO
tEa5ldZPH3XN7BIVu7yC8A,Briar Common Brewery + Eatery,https://s3-media4.fl.yelpcdn.com/bphoto/NJKITxriwNN50eFtMDPmgg/o.jpg,FALSE,https://www.yelp.com/biz/briar-common-brewery-eatery-denver-3?adjust_creative=2HS7cwZSZjB4KpQC_8JOTw&utm_campaign=yelp_api_v3&utm_medium=api_v3_business_search&utm_source=2HS7cwZSZjB4KpQC_8JOTw,322,Brewery,4.5,$$,(720) 512-3894,39.75104877,-105.0202911,2298 Clay St,,,Denver,80211,US,CO
WBom6za95-BCfVtgK2Rp4w,Station 26 Brewing,https://s3-media3.fl.yelpcdn.com/bphoto/o8hlEFYUec9WF5UWv8INGw/o.jpg,FALSE,https://www.yelp.com/biz/station-26-brewing-denver?adjust_creative=2HS7cwZSZjB4KpQC_8JOTw&utm_campaign=yelp_api_v3&utm_medium=api_v3_business_search&utm_source=2HS7cwZSZjB4KpQC_8JOTw,333,Brewery,4.5,$$,(303) 333-1825,39.7696,-104.90588,7045 E 38th Ave,,,Denver,80207,US,CO
S4pZgrBayim4YjzeoqiRGg,Ratio Beerworks,https://s3-media3.fl.yelpcdn.com/bphoto/NSwjKVtCv3KE_xOvemkMqA/o.jpg,FALSE,https://www.yelp.com/biz/ratio-beerworks-denver?adjust_creative=2HS7cwZSZjB4KpQC_8JOTw&utm_campaign=yelp_api_v3&utm_medium=api_v3_business_search&utm_source=2HS7cwZSZjB4KpQC_8JOTw,263,Brewery,4.5,$,(303) 997-8288,39.761478,-104.981048,2920 Larimer St,,,Denver,80205,US,CO
LR5Hbb0kn_pInuTMsMws5A,Mockery Brewing,https://s3-media1.fl.yelpcdn.com/bphoto/pRtnibbi0jUC1CutuOuRBQ/o.jpg,FALSE,https://www.yelp.com/biz/mockery-brewing-denver?adjust_creative=2HS7cwZSZjB4KpQC_8JOTw&utm_campaign=yelp_api_v3&utm_medium=api_v3_business_search&utm_source=2HS7cwZSZjB4KpQC_8JOTw,189,Brewery,4.5,$,(303) 953-2058,39.771191,-104.979773,3501 Delgany St,,,Denver,80216,US,CO
YFYggTuGAnT2QGUjll7puA,Jagged Mountain Craft Brewery,https://s3-media4.fl.yelpcdn.com/bphoto/0vGaITHHsoxWhUOEIbl6Mg/o.jpg,FALSE,https://www.yelp.com/biz/jagged-mountain-craft-brewery-denver-2?adjust_creative=2HS7cwZSZjB4KpQC_8JOTw&utm_campaign=yelp_api_v3&utm_medium=api_v3_business_search&utm_source=2HS7cwZSZjB4KpQC_8JOTw,300,Brewery,4,$,(720) 689-2337,39.75214948,-104.9916236,1139 20th St,,,Denver,80202,US,CO
rA-GxOa4N8j61eGc-lrsEA,Crooked Stave Friends & Family,https://s3-media3.fl.yelpcdn.com/bphoto/QHq7NwkhWfGReeEwNSTvTw/o.jpg,FALSE,https://www.yelp.com/biz/crooked-stave-friends-and-family-denver?adjust_creative=2HS7cwZSZjB4KpQC_8JOTw&utm_campaign=yelp_api_v3&utm_medium=api_v3_business_search&utm_source=2HS7cwZSZjB4KpQC_8JOTw,281,Brewery,4,$$,(720) 508-3292,39.7806719,-105.0046978,1441 W 46th Ave,Unit  19,,Denver,80211,US,CO
E5BKNu4gcqNADTFkQc7vMQ,Copper Kettle Brewing Company,https://s3-media2.fl.yelpcdn.com/bphoto/FV-HXAfbwKa7Kmae7Bk9Pg/o.jpg,FALSE,https://www.yelp.com/biz/copper-kettle-brewing-company-denver?adjust_creative=2HS7cwZSZjB4KpQC_8JOTw&utm_campaign=yelp_api_v3&utm_medium=api_v3_business_search&utm_source=2HS7cwZSZjB4KpQC_8JOTw,231,Brewery,4.5,$,(720) 443-2522,39.69247,-104.89048,1338 S Valentia St,Unit 100,,Denver,80247,US,CO
R0mEfSdg2UHASQFB2xJAXQ,Spangalang Brewery,https://s3-media4.fl.yelpcdn.com/bphoto/z5uWVmQSp39t0CO-gW_DHg/o.jpg,FALSE,https://www.yelp.com/biz/spangalang-brewery-denver-2?adjust_creative=2HS7cwZSZjB4KpQC_8JOTw&utm_campaign=yelp_api_v3&utm_medium=api_v3_business_search&utm_source=2HS7cwZSZjB4KpQC_8JOTw,144,Brewery,4.5,$,(303) 297-1276,39.75507,-104.97711,2736 Welton Ave,,,Denver,80205,US,CO
uxFCD0lG2_YKO6naSrf7SA,Renegade Brewing Company,https://s3-media4.fl.yelpcdn.com/bphoto/eF7zqXwMn2pCvJaO52DFtw/o.jpg,FALSE,https://www.yelp.com/biz/renegade-brewing-company-denver?adjust_creative=2HS7cwZSZjB4KpQC_8JOTw&utm_campaign=yelp_api_v3&utm_medium=api_v3_business_search&utm_source=2HS7cwZSZjB4KpQC_8JOTw,286,Brewery,4,$,(720) 401-4089,39.73061712,-104.9993256,925 West 9th Ave,,,Denver,80204,US,CO
e-iHfrp40Rvn4bP5JsgM4g,Woods Boss Brewing Company,https://s3-media3.fl.yelpcdn.com/bphoto/zYl3pnZ8wHe-2RImObdf8g/o.jpg,FALSE,https://www.yelp.com/biz/woods-boss-brewing-company-denver?adjust_creative=2HS7cwZSZjB4KpQC_8JOTw&utm_campaign=yelp_api_v3&utm_medium=api_v3_business_search&utm_source=2HS7cwZSZjB4KpQC_8JOTw,131,Brewery,4.5,$$,(720) 642-7177,39.75094,-104.98454,2210 California St,,,Denver,80205,US,CO
-izMm16SLxE9mlbkxXagSQ,Rock Bottom Restaurant & Brewery,https://s3-media1.fl.yelpcdn.com/bphoto/ExUzUakmnwU7TbiTQ_4h_Q/o.jpg,FALSE,https://www.yelp.com/biz/rock-bottom-restaurant-and-brewery-denver?adjust_creative=2HS7cwZSZjB4KpQC_8JOTw&utm_campaign=yelp_api_v3&utm_medium=api_v3_business_search&utm_source=2HS7cwZSZjB4KpQC_8JOTw,707,Brewery,3.5,$$,(303) 534-7616,39.747516,-104.994804,1001 16th St,#A-100,,Denver,80265,US,CO
9jlTFXa3Pcr14BneTHCtyw,Colorado Sake,https://s3-media2.fl.yelpcdn.com/bphoto/5OBVdHs8MW8OCA8ng0UIAg/o.jpg,FALSE,https://www.yelp.com/biz/colorado-sake-denver-5?adjust_creative=2HS7cwZSZjB4KpQC_8JOTw&utm_campaign=yelp_api_v3&utm_medium=api_v3_business_search&utm_source=2HS7cwZSZjB4KpQC_8JOTw,102,Brewery,5,,(720) 449-6963,39.7676181,-104.9739106,3559 Larimer St,,,Denver,80205,US,CO
wWJkM-QUdIsgLV-pp_bYDQ,TRVE Brewing,https://s3-media1.fl.yelpcdn.com/bphoto/HpU20ar6uKs1zC2K5w1szw/o.jpg,FALSE,https://www.yelp.com/biz/trve-brewing-denver-2?adjust_creative=2HS7cwZSZjB4KpQC_8JOTw&utm_campaign=yelp_api_v3&utm_medium=api_v3_business_search&utm_source=2HS7cwZSZjB4KpQC_8JOTw,249,Brewery,4,$$,(303) 351-1021,39.719922,-104.987687,227 Broadway,Ste 101,,Denver,80203,US,CO
L-HBWYs69Rb992elIwUsCw,The Source,https://s3-media2.fl.yelpcdn.com/bphoto/L0IRrvC_ttSm4OjKa2FLdA/o.jpg,FALSE,https://www.yelp.com/biz/the-source-denver?adjust_creative=2HS7cwZSZjB4KpQC_8JOTw&utm_campaign=yelp_api_v3&utm_medium=api_v3_business_search&utm_source=2HS7cwZSZjB4KpQC_8JOTw,277,Brewery,4,$$,(720) 443-1135,39.76874924,-104.9797211,3350 Brighton Blvd,,,Denver,80216,US,CO
L6zzZXUjP2igF6xOF28fqg,Falling Rock Tap House,https://s3-media2.fl.yelpcdn.com/bphoto/79vss3uVtZLJkWVqSS_M2w/o.jpg,FALSE,https://www.yelp.com/biz/falling-rock-tap-house-denver?adjust_creative=2HS7cwZSZjB4KpQC_8JOTw&utm_campaign=yelp_api_v3&utm_medium=api_v3_business_search&utm_source=2HS7cwZSZjB4KpQC_8JOTw,658,Brewery,3.5,$$,(303) 293-8338,39.75392213,-104.9954689,1919 Blake St,,,Denver,80202,US,CO
9KVjVUPoBp7LIsGa2OXasw,Prost Brewing,https://s3-media2.fl.yelpcdn.com/bphoto/BU-BeLg74wfLlxUNsTiDuw/o.jpg,FALSE,https://www.yelp.com/biz/prost-brewing-denver-8?adjust_creative=2HS7cwZSZjB4KpQC_8JOTw&utm_campaign=yelp_api_v3&utm_medium=api_v3_business_search&utm_source=2HS7cwZSZjB4KpQC_8JOTw,307,Brewery,4,$,(303) 729-1175,39.7614592,-105.0066456,2540 19th St,,,Denver,80211,US,CO
5OJUDmiDdIdO5YZx4HrU4A,Little Machine Beer,https://s3-media2.fl.yelpcdn.com/bphoto/62S65jT_NEuXwJe6HxpCzw/o.jpg,FALSE,https://www.yelp.com/biz/little-machine-beer-denver?adjust_creative=2HS7cwZSZjB4KpQC_8JOTw&utm_campaign=yelp_api_v3&utm_medium=api_v3_business_search&utm_source=2HS7cwZSZjB4KpQC_8JOTw,147,Brewery,4.5,$$,(303) 284-7893,39.74731,-105.02434,2924 W 20th Ave,,,Denver,80211,US,CO
q6wZmA3F_pvk5G-hiFvEfA,Grandma's House,https://s3-media1.fl.yelpcdn.com/bphoto/Rw6YCiDltFS7QHz6jwazWg/o.jpg,FALSE,https://www.yelp.com/biz/grandmas-house-denver-2?adjust_creative=2HS7cwZSZjB4KpQC_8JOTw&utm_campaign=yelp_api_v3&utm_medium=api_v3_business_search&utm_source=2HS7cwZSZjB4KpQC_8JOTw,191,Brewery,4.5,$,(303) 578-6754,39.68546295,-104.987175,1710 S Broadway,,,Denver,80210,US,CO
IDaAaTy4tSbusaTNHJJnIw,Our Mutual Friend Brewing Company,https://s3-media2.fl.yelpcdn.com/bphoto/ZG51zsP_YIjpHCy4Nl1JUA/o.jpg,FALSE,https://www.yelp.com/biz/our-mutual-friend-brewing-company-denver-2?adjust_creative=2HS7cwZSZjB4KpQC_8JOTw&utm_campaign=yelp_api_v3&utm_medium=api_v3_business_search&utm_source=2HS7cwZSZjB4KpQC_8JOTw,273,Brewery,4,$$,(303) 296-3441,39.76057,-104.98221,2810 Larimer St,,,Denver,80205,US,CO
jwSxRZjckd7Ld43iZvUdGg,Cerebral Brewing,https://s3-media2.fl.yelpcdn.com/bphoto/GAons4gI1s-MJAMFJuUXaw/o.jpg,FALSE,https://www.yelp.com/biz/cerebral-brewing-denver?adjust_creative=2HS7cwZSZjB4KpQC_8JOTw&utm_campaign=yelp_api_v3&utm_medium=api_v3_business_search&utm_source=2HS7cwZSZjB4KpQC_8JOTw,202,Brewery,4,$$,(303) 927-7365,39.7396381,-104.9451849,1477 Monroe St,,,Denver,80206,US,CO
X7_rcSzBOzqpkFUhfA53oA,Strange Craft Beer Company,https://s3-media4.fl.yelpcdn.com/bphoto/iERja8haHUTDrB4nsxzY9g/o.jpg,FALSE,https://www.yelp.com/biz/strange-craft-beer-company-denver?adjust_creative=2HS7cwZSZjB4KpQC_8JOTw&utm_campaign=yelp_api_v3&utm_medium=api_v3_business_search&utm_source=2HS7cwZSZjB4KpQC_8JOTw,189,Brewery,4,$,(720) 985-2337,39.73724255,-105.0148912,1330 Zuni St,Unit M,,Denver,80204,US,CO
e-UQTdRwL6n9PvQ6Ga3HCg,Colorado Cider,https://s3-media3.fl.yelpcdn.com/bphoto/cNvj3Zs3zxgHBue5iky-Dg/o.jpg,FALSE,https://www.yelp.com/biz/colorado-cider-denver-2?adjust_creative=2HS7cwZSZjB4KpQC_8JOTw&utm_campaign=yelp_api_v3&utm_medium=api_v3_business_search&utm_source=2HS7cwZSZjB4KpQC_8JOTw,95,Brewery,4.5,$,(303) 759-3560,39.71905,-105.019562,2650 W 2nd Ave,Ste 10,,Denver,80219,US,CO
w_-80GGvo9Spv-F4mAb2RQ,Bruz Beers,https://s3-media3.fl.yelpcdn.com/bphoto/N1mV-fsbRZypSFPtoXrBYA/o.jpg,FALSE,https://www.yelp.com/biz/bruz-beers-denver?adjust_creative=2HS7cwZSZjB4KpQC_8JOTw&utm_campaign=yelp_api_v3&utm_medium=api_v3_business_search&utm_source=2HS7cwZSZjB4KpQC_8JOTw,106,Brewery,4.5,$$,(303) 650-2337,39.81789926,-105.0076041,1675 W 67th Ave,Ste 100,,Denver,80221,US,CO
kpIdpW3jKUoKPNvKOU151g,Cerveceria Colorado,https://s3-media2.fl.yelpcdn.com/bphoto/9LhOYj3JGwpYW546RADeTg/o.jpg,FALSE,https://www.yelp.com/biz/cerveceria-colorado-denver?adjust_creative=2HS7cwZSZjB4KpQC_8JOTw&utm_campaign=yelp_api_v3&utm_medium=api_v3_business_search&utm_source=2HS7cwZSZjB4KpQC_8JOTw,62,Brewery,5,,(720) 279-8248,39.75802,-105.00748,1635 Platte St,,,Denver,80202,US,CO
QBjCIo_XimiuwHfGT9ZKzA,Baere Brewing Company,https://s3-media4.fl.yelpcdn.com/bphoto/tsxuor1TD3JfdKpDMpaX3Q/o.jpg,FALSE,https://www.yelp.com/biz/baere-brewing-company-denver?adjust_creative=2HS7cwZSZjB4KpQC_8JOTw&utm_campaign=yelp_api_v3&utm_medium=api_v3_business_search&utm_source=2HS7cwZSZjB4KpQC_8JOTw,119,Brewery,4.5,$,(303) 733-3354,39.72138236,-104.9871872,320 Broadway,Unit E,,Denver,80203,US,CO
lHPyFTcvSnyz5c7XKEYf-g,Odell Brewing Company,https://s3-media2.fl.yelpcdn.com/bphoto/8GwdeXQkTWL-SJZXBnzJ2g/o.jpg,FALSE,https://www.yelp.com/biz/odell-brewing-company-denver?adjust_creative=2HS7cwZSZjB4KpQC_8JOTw&utm_campaign=yelp_api_v3&utm_medium=api_v3_business_search&utm_source=2HS7cwZSZjB4KpQC_8JOTw,84,Brewery,4.5,$$,(720) 795-7862,39.762264,-104.981061,2945 Larimer St,,,Denver,80205,US,CO
rMlOdpnkC6Nzuv0RD2FSMA,Wit's End Brewing Company,https://s3-media3.fl.yelpcdn.com/bphoto/cbb0abECsp-Nj89uunLpvw/o.jpg,FALSE,https://www.yelp.com/biz/wits-end-brewing-company-denver?adjust_creative=2HS7cwZSZjB4KpQC_8JOTw&utm_campaign=yelp_api_v3&utm_medium=api_v3_business_search&utm_source=2HS7cwZSZjB4KpQC_8JOTw,98,Brewery,4.5,$,(303) 459-4379,39.73725,-105.01524,1330 Zuni St,Unit N,Strange Craft Beer Company,Denver,80204,US,CO
95mcjmP0UFPDAH9ghNh1gw,De Steeg Brewing,https://s3-media2.fl.yelpcdn.com/bphoto/KdhTDK9odxDLRuvX2JkdKg/o.jpg,FALSE,https://www.yelp.com/biz/de-steeg-brewing-denver?adjust_creative=2HS7cwZSZjB4KpQC_8JOTw&utm_campaign=yelp_api_v3&utm_medium=api_v3_business_search&utm_source=2HS7cwZSZjB4KpQC_8JOTw,123,Brewery,4.5,$$,(303) 484-9698,39.7761033,-105.0437324,4342 Tennyson St,,,Denver,80212,US,CO
iejIp0HE3jlo6G90Hc2bsA,Comrade Brewing,https://s3-media1.fl.yelpcdn.com/bphoto/9QUPwVtHrEmIoNdHianphA/o.jpg,FALSE,https://www.yelp.com/biz/comrade-brewing-denver?adjust_creative=2HS7cwZSZjB4KpQC_8JOTw&utm_campaign=yelp_api_v3&utm_medium=api_v3_business_search&utm_source=2HS7cwZSZjB4KpQC_8JOTw,190,Brewery,4,$,(720) 748-0700,39.6757025,-104.8984164,7667 E Iliff Ave,Ste F,,Denver,80231,US,CO
x3HmHlDwOPoiifi7a1B-ig,Fiction Beer Company,https://s3-media1.fl.yelpcdn.com/bphoto/bzfVIXcbQmoc5PeH09ILNQ/o.jpg,FALSE,https://www.yelp.com/biz/fiction-beer-company-denver?adjust_creative=2HS7cwZSZjB4KpQC_8JOTw&utm_campaign=yelp_api_v3&utm_medium=api_v3_business_search&utm_source=2HS7cwZSZjB4KpQC_8JOTw,161,Brewery,4,$,(720) 456-7163,39.74026524,-104.9055813,7101 E Colfax Ave,,,Denver,80220,US,CO
GOab5GzDqAOcZMiD6zGBuA,Pints Pub,https://s3-media2.fl.yelpcdn.com/bphoto/UPnkfMQCdm8NAuE2qFsvGg/o.jpg,FALSE,https://www.yelp.com/biz/pints-pub-denver?adjust_creative=2HS7cwZSZjB4KpQC_8JOTw&utm_campaign=yelp_api_v3&utm_medium=api_v3_business_search&utm_source=2HS7cwZSZjB4KpQC_8JOTw,326,Brewery,3.5,$$,(303) 534-7543,39.73698,-104.99087,221 W 13th Ave,,,Denver,80204,US,CO
rY6nzLptDIfZ2XA205u-rA,Oskar Blues - Denver,https://s3-media3.fl.yelpcdn.com/bphoto/dgKFw2TaYv9VXcLdDlTdWw/o.jpg,FALSE,https://www.yelp.com/biz/oskar-blues-denver-denver-4?adjust_creative=2HS7cwZSZjB4KpQC_8JOTw&utm_campaign=yelp_api_v3&utm_medium=api_v3_business_search&utm_source=2HS7cwZSZjB4KpQC_8JOTw,284,Brewery,3.5,$$,(720) 502-3535,39.7501106,-104.9975082,1624 Market St,,,Denver,80202,US,CO
wioS_KTa22Df1j-0_T9BZQ,Diebolt Brewing Company,https://s3-media3.fl.yelpcdn.com/bphoto/FlFeeIkH6YXjDKEE1nJWKA/o.jpg,FALSE,https://www.yelp.com/biz/diebolt-brewing-company-denver?adjust_creative=2HS7cwZSZjB4KpQC_8JOTw&utm_campaign=yelp_api_v3&utm_medium=api_v3_business_search&utm_source=2HS7cwZSZjB4KpQC_8JOTw,105,Brewery,4.5,$,(720) 643-5940,39.77040228,-105.0031514,3855 Mariposa St,,,Denver,80211,US,CO
lSVfRuuzyKFNNlGLd1PIrA,FlyteCo Brewing,https://s3-media2.fl.yelpcdn.com/bphoto/-ycT1on8DTI6ZJcVNNlJfA/o.jpg,FALSE,https://www.yelp.com/biz/flyteco-brewing-denver-2?adjust_creative=2HS7cwZSZjB4KpQC_8JOTw&utm_campaign=yelp_api_v3&utm_medium=api_v3_business_search&utm_source=2HS7cwZSZjB4KpQC_8JOTw,58,Brewery,4.5,$,(720) 772-7319,39.7695249,-105.0449898,4499 W 38th Ave,Ste 101,,Denver,80212,US,CO
pNgtNy-spf2gqJSZebOj5w,Platt Park Brewing,https://s3-media1.fl.yelpcdn.com/bphoto/P1td_TNfuumDHeYV_tFRuQ/o.jpg,FALSE,https://www.yelp.com/biz/platt-park-brewing-denver?adjust_creative=2HS7cwZSZjB4KpQC_8JOTw&utm_campaign=yelp_api_v3&utm_medium=api_v3_business_search&utm_source=2HS7cwZSZjB4KpQC_8JOTw,142,Brewery,4,$$,(303) 993-4002,39.6826108,-104.9806294,1875 S Pearl St,,,Denver,80210,US,CO
GaOaZd6yY0drh-wbJ5KFqQ,Zuni Street Brewing Company,https://s3-media4.fl.yelpcdn.com/bphoto/x80yTV4dArJXGiVIuAwSdA/o.jpg,FALSE,https://www.yelp.com/biz/zuni-street-brewing-company-denver?adjust_creative=2HS7cwZSZjB4KpQC_8JOTw&utm_campaign=yelp_api_v3&utm_medium=api_v3_business_search&utm_source=2HS7cwZSZjB4KpQC_8JOTw,117,Brewery,4,$,(303) 862-6525,39.75866024,-105.0153263,2355 W 29th Ave,,,Denver,80211,US,CO
qbzdUulgPIrqfgGFM22KxQ,Black Sky Brewery,https://s3-media3.fl.yelpcdn.com/bphoto/Qc7dP1mj4wUFh2tufhPYHw/o.jpg,FALSE,https://www.yelp.com/biz/black-sky-brewery-denver?adjust_creative=2HS7cwZSZjB4KpQC_8JOTw&utm_campaign=yelp_api_v3&utm_medium=api_v3_business_search&utm_source=2HS7cwZSZjB4KpQC_8JOTw,186,Brewery,4,$$,(720) 708-5816,39.723938,-104.998298,490 Santa Fe Dr,,,Denver,80204,US,CO
790dA7SS_aatLRUIS1-Qxw,Hogshead Brewery,https://s3-media4.fl.yelpcdn.com/bphoto/8axUTNbRp0RuKQIIsKDEDA/o.jpg,FALSE,https://www.yelp.com/biz/hogshead-brewery-denver?adjust_creative=2HS7cwZSZjB4KpQC_8JOTw&utm_campaign=yelp_api_v3&utm_medium=api_v3_business_search&utm_source=2HS7cwZSZjB4KpQC_8JOTw,169,Brewery,4,$$,(303) 495-3105,39.7582499,-105.0451099,4460 W 29th Ave,,,Denver,80212,US,CO
V2prnyb54ugztJnVaIRIRQ,Seedstock Brewery,https://s3-media4.fl.yelpcdn.com/bphoto/wKS7rK5BHTutLaZrl_p2Ow/o.jpg,FALSE,https://www.yelp.com/biz/seedstock-brewery-denver?adjust_creative=2HS7cwZSZjB4KpQC_8JOTw&utm_campaign=yelp_api_v3&utm_medium=api_v3_business_search&utm_source=2HS7cwZSZjB4KpQC_8JOTw,71,Brewery,4.5,$,(720) 476-7831,39.74008179,-105.0351105,3610 W Colfax Ave,,,Denver,80204,US,CO
EjNI-dNAMrYxKgUIkqeqhg,Guard and Grace,https://s3-media2.fl.yelpcdn.com/bphoto/UNuFWyjh6evY85FeMPPoQQ/o.jpg,FALSE,https://www.yelp.com/biz/guard-and-grace-denver?adjust_creative=2HS7cwZSZjB4KpQC_8JOTw&utm_campaign=yelp_api_v3&utm_medium=api_v3_business_search&utm_source=2HS7cwZSZjB4KpQC_8JOTw,1111,Wine Bar,4.5,$$$,(303) 293-8500,39.74768119,-104.9896545,1801 California St,,,Denver,80202,US,CO
N_tX1pJz92Ls-4sMQvMLpA,Postino LoHi,https://s3-media4.fl.yelpcdn.com/bphoto/ahKygoarP70QcAFQg6U6Lg/o.jpg,FALSE,https://www.yelp.com/biz/postino-lohi-denver-7?adjust_creative=2HS7cwZSZjB4KpQC_8JOTw&utm_campaign=yelp_api_v3&utm_medium=api_v3_business_search&utm_source=2HS7cwZSZjB4KpQC_8JOTw,628,Wine Bar,4.5,$$,(303) 433-6363,39.76151,-105.01045,2715 17th St,,,Denver,80211,US,CO
ziS-GJn-3Ux6t5l-0IUNog,The Capital Grille,https://s3-media2.fl.yelpcdn.com/bphoto/vAOEONNlq5dbPA9iZaHUGQ/o.jpg,FALSE,https://www.yelp.com/biz/the-capital-grille-denver-3?adjust_creative=2HS7cwZSZjB4KpQC_8JOTw&utm_campaign=yelp_api_v3&utm_medium=api_v3_business_search&utm_source=2HS7cwZSZjB4KpQC_8JOTw,669,Wine Bar,4.5,$$$$,(303) 539-2500,39.747876,-104.99867,1450 Larimer St,,,Denver,80202,US,CO
#NAME?,Ambli Mexico,https://s3-media4.fl.yelpcdn.com/bphoto/gEzsG-RjjSlOw96rLORGtA/o.jpg,FALSE,https://www.yelp.com/biz/ambli-mexico-denver?adjust_creative=2HS7cwZSZjB4KpQC_8JOTw&utm_campaign=yelp_api_v3&utm_medium=api_v3_business_search&utm_source=2HS7cwZSZjB4KpQC_8JOTw,431,Wine Bar,4.5,$$,(303) 355-9463,39.705925,-104.9207823,600 S Holly St,,,Denver,80246,US,CO
uOgwMiqcxqkHl8z4mkFPkQ,Hudson Hill,https://s3-media3.fl.yelpcdn.com/bphoto/qioL_iYEL3_6Ywpms84LIA/o.jpg,FALSE,https://www.yelp.com/biz/hudson-hill-denver?adjust_creative=2HS7cwZSZjB4KpQC_8JOTw&utm_campaign=yelp_api_v3&utm_medium=api_v3_business_search&utm_source=2HS7cwZSZjB4KpQC_8JOTw,234,Wine Bar,4.5,$$,(303) 832-0776,39.73695,-104.97937,619 E 13th Ave,,,Denver,80203,US,CO
FcyalVpVWzOHCYJnQDTLPw,Leven Deli,https://s3-media4.fl.yelpcdn.com/bphoto/b0jahbl40vNN0x5JOx0k3Q/o.jpg,FALSE,https://www.yelp.com/biz/leven-deli-denver-8?adjust_creative=2HS7cwZSZjB4KpQC_8JOTw&utm_campaign=yelp_api_v3&utm_medium=api_v3_business_search&utm_source=2HS7cwZSZjB4KpQC_8JOTw,213,Wine Bar,4.5,$$,(303) 325-5691,39.73547386,-104.9898411,123 W 12th Ave,,,Denver,80204,US,CO
ct0Jmy8KNGknmOs1apTKCA,Bettola Bistro,https://s3-media3.fl.yelpcdn.com/bphoto/NbIIPe1BFInGykMKx92hJQ/o.jpg,FALSE,https://www.yelp.com/biz/bettola-bistro-denver?adjust_creative=2HS7cwZSZjB4KpQC_8JOTw&utm_campaign=yelp_api_v3&utm_medium=api_v3_business_search&utm_source=2HS7cwZSZjB4KpQC_8JOTw,231,Wine Bar,4.5,$$,(303) 750-1580,39.6749149,-104.8680037,10253 E Iliff Ave,,,Denver,80247,US,CO
0-O-xCaxbO-ftWVEYVrRlg,Barcelona Wine Bar RiNo,https://s3-media2.fl.yelpcdn.com/bphoto/70kVYvgrJzqJrCoaJ66aBQ/o.jpg,FALSE,https://www.yelp.com/biz/barcelona-wine-bar-rino-denver?adjust_creative=2HS7cwZSZjB4KpQC_8JOTw&utm_campaign=yelp_api_v3&utm_medium=api_v3_business_search&utm_source=2HS7cwZSZjB4KpQC_8JOTw,508,Wine Bar,4,$$,(303) 816-3300,39.76129,-104.9813,2900 Larimer St,,,Denver,80205,US,CO
ydbPYReX0IrY1D41fLB3pA,Table 6,https://s3-media1.fl.yelpcdn.com/bphoto/_gRZWO6_DvOnp8P-R_UKGg/o.jpg,FALSE,https://www.yelp.com/biz/table-6-denver?adjust_creative=2HS7cwZSZjB4KpQC_8JOTw&utm_campaign=yelp_api_v3&utm_medium=api_v3_business_search&utm_source=2HS7cwZSZjB4KpQC_8JOTw,465,Wine Bar,4,$$,(303) 831-8800,39.7258,-104.97428,609 Corona St,,,Denver,80218,US,CO
pNVL0J-qaChARXtjXH3jHw,CRÃš Food & Wine Bar,https://s3-media3.fl.yelpcdn.com/bphoto/DNdB5AK458KR4A1YURnlxw/o.jpg,FALSE,https://www.yelp.com/biz/cr%C3%BA-food-and-wine-bar-denver-2?adjust_creative=2HS7cwZSZjB4KpQC_8JOTw&utm_campaign=yelp_api_v3&utm_medium=api_v3_business_search&utm_source=2HS7cwZSZjB4KpQC_8JOTw,409,Wine Bar,4,$$,(303) 893-9463,39.74779129,-104.9987411,1442 Larimer St,,,Denver,80202,US,CO
V2wsNh2gEVeIulBkTqkZHw,ChopHouse & Brewery Denver,https://s3-media2.fl.yelpcdn.com/bphoto/dXlu9QxLfW27sMHow9XFWg/o.jpg,FALSE,https://www.yelp.com/biz/chophouse-and-brewery-denver-denver?adjust_creative=2HS7cwZSZjB4KpQC_8JOTw&utm_campaign=yelp_api_v3&utm_medium=api_v3_business_search&utm_source=2HS7cwZSZjB4KpQC_8JOTw,650,Wine Bar,4,$$$,(303) 296-0800,39.754998,-104.99734,1735 19th St,Ste 100,,Denver,80202,US,CO
alVuEHMqyyTpXZKcIfKT9w,White Pie,https://s3-media1.fl.yelpcdn.com/bphoto/Sh07d4YoSf0UA80Di2VpUg/o.jpg,FALSE,https://www.yelp.com/biz/white-pie-denver?adjust_creative=2HS7cwZSZjB4KpQC_8JOTw&utm_campaign=yelp_api_v3&utm_medium=api_v3_business_search&utm_source=2HS7cwZSZjB4KpQC_8JOTw,267,Wine Bar,4.5,$$,(303) 862-5323,39.74348039,-104.9694243,1702 Humboldt St,,,Denver,80218,US,CO
7DD_e7OZ7pLI7Rcx1OVAiw,The Truffle Table,https://s3-media2.fl.yelpcdn.com/bphoto/D9siQ-egvssje0vb7NcR6g/o.jpg,FALSE,https://www.yelp.com/biz/the-truffle-table-denver?adjust_creative=2HS7cwZSZjB4KpQC_8JOTw&utm_campaign=yelp_api_v3&utm_medium=api_v3_business_search&utm_source=2HS7cwZSZjB4KpQC_8JOTw,237,Wine Bar,4.5,$$,(303) 455-9463,39.7581413,-105.011678,2556 15th St,,,Denver,80211,US,CO
q1vlnz2s5JKrVX9Bs9QOvQ,Buckhorn Exchange Restaurant,https://s3-media3.fl.yelpcdn.com/bphoto/tkvaQUvudGt_548QrRMDCg/o.jpg,FALSE,https://www.yelp.com/biz/buckhorn-exchange-restaurant-denver?adjust_creative=2HS7cwZSZjB4KpQC_8JOTw&utm_campaign=yelp_api_v3&utm_medium=api_v3_business_search&utm_source=2HS7cwZSZjB4KpQC_8JOTw,904,Wine Bar,3.5,$$$,(303) 534-9505,39.73238,-105.00494,1000 Osage St,,,Denver,80204,US,CO
ldW8_9yj9t3__K4vcx269g,Cana Wine Bar,https://s3-media1.fl.yelpcdn.com/bphoto/8rgpaihLMdb21Qc_TUVjMg/o.jpg,FALSE,https://www.yelp.com/biz/cana-wine-bar-denver?adjust_creative=2HS7cwZSZjB4KpQC_8JOTw&utm_campaign=yelp_api_v3&utm_medium=api_v3_business_search&utm_source=2HS7cwZSZjB4KpQC_8JOTw,126,Wine Bar,5,$$,(303) 993-7556,39.67024,-104.987311,2554 S Broadway,,,Denver,80210,US,CO
YS5GPu4yesMj6m3jiPSwSQ,Barolo Grill,https://s3-media1.fl.yelpcdn.com/bphoto/9dDWTYRn_PbRDmcFBklgrw/o.jpg,FALSE,https://www.yelp.com/biz/barolo-grill-denver?adjust_creative=2HS7cwZSZjB4KpQC_8JOTw&utm_campaign=yelp_api_v3&utm_medium=api_v3_business_search&utm_source=2HS7cwZSZjB4KpQC_8JOTw,298,Wine Bar,4,$$$,(303) 393-1040,39.72546,-104.95152,3030 E 6th Ave,,,Denver,80206,US,CO
1vz_LU-dVAXNlgETlTrB5w,Bookbar,https://s3-media1.fl.yelpcdn.com/bphoto/ryTsYNUU8NaHViXSd3h8zQ/o.jpg,FALSE,https://www.yelp.com/biz/bookbar-denver?adjust_creative=2HS7cwZSZjB4KpQC_8JOTw&utm_campaign=yelp_api_v3&utm_medium=api_v3_business_search&utm_source=2HS7cwZSZjB4KpQC_8JOTw,162,Wine Bar,4.5,$$,(303) 284-0194,39.775154,-105.0439652,4280 Tennyson St,,,Denver,80212,US,CO
nu7twq_TYLqtUHV5Q542dw,Welton Room,https://s3-media4.fl.yelpcdn.com/bphoto/jnPKaNKJlqd52wJbyVInbA/o.jpg,FALSE,https://www.yelp.com/biz/welton-room-denver?adjust_creative=2HS7cwZSZjB4KpQC_8JOTw&utm_campaign=yelp_api_v3&utm_medium=api_v3_business_search&utm_source=2HS7cwZSZjB4KpQC_8JOTw,95,Wine Bar,5,,(720) 447-9502,39.75359,-104.97929,2590 Welton St,Ste 103,The Lydian,Denver,80205,US,CO
UV6iMQRTY5WwBUtuRTbRsQ,Deep Roots Winery and Bistro,https://s3-media3.fl.yelpcdn.com/bphoto/vjoC6_JZQId7gwJR0NG4Bw/o.jpg,FALSE,https://www.yelp.com/biz/deep-roots-winery-and-bistro-denver?adjust_creative=2HS7cwZSZjB4KpQC_8JOTw&utm_campaign=yelp_api_v3&utm_medium=api_v3_business_search&utm_source=2HS7cwZSZjB4KpQC_8JOTw,135,Wine Bar,4.5,$$,(720) 328-4786,39.75039,-105.0006,1516 Wazee,Ste A,,Denver,80202,US,CO
EnG68SKKmVENncKzo2bMOg,The 9th Door Capitol Hill,https://s3-media3.fl.yelpcdn.com/bphoto/1-yU8cSeqvTd0wM4W0aLjw/o.jpg,FALSE,https://www.yelp.com/biz/the-9th-door-capitol-hill-denver-3?adjust_creative=2HS7cwZSZjB4KpQC_8JOTw&utm_campaign=yelp_api_v3&utm_medium=api_v3_business_search&utm_source=2HS7cwZSZjB4KpQC_8JOTw,230,Wine Bar,4,$$,(303) 832-7027,39.731247,-104.986621,925 Lincoln St,Ste C,,Denver,80203,US,CO
HkuesYkfKvKQ4Wkek8WQjQ,Bar Max,https://s3-media3.fl.yelpcdn.com/bphoto/57oiDEQZV27fGKUAGRRbDg/o.jpg,FALSE,https://www.yelp.com/biz/bar-max-denver?adjust_creative=2HS7cwZSZjB4KpQC_8JOTw&utm_campaign=yelp_api_v3&utm_medium=api_v3_business_search&utm_source=2HS7cwZSZjB4KpQC_8JOTw,143,Wine Bar,4.5,$$,(303) 333-0003,39.7400314,-104.9583975,2412 E Colfax Ave,,,Denver,80206,US,CO
ifhZiI256AkL_x2nOaU3gQ,Cattivella,https://s3-media3.fl.yelpcdn.com/bphoto/TX_3pt3j22BNM6VVSSKa-g/o.jpg,FALSE,https://www.yelp.com/biz/cattivella-denver?adjust_creative=2HS7cwZSZjB4KpQC_8JOTw&utm_campaign=yelp_api_v3&utm_medium=api_v3_business_search&utm_source=2HS7cwZSZjB4KpQC_8JOTw,288,Wine Bar,4,$$,(303) 645-3779,39.759291,-104.868494,10195 E 29th Dr,Ste 110,,Denver,80238,US,CO
b6mLmT6x35GH8X7eOiGvwg,The Bindery,https://s3-media4.fl.yelpcdn.com/bphoto/AYRZJZW00LPzougy4UEedw/o.jpg,FALSE,https://www.yelp.com/biz/the-bindery-denver-2?adjust_creative=2HS7cwZSZjB4KpQC_8JOTw&utm_campaign=yelp_api_v3&utm_medium=api_v3_business_search&utm_source=2HS7cwZSZjB4KpQC_8JOTw,262,Wine Bar,4,$$,(303) 993-2364,39.76068,-105.00649,1817 Central St,,,Denver,80211,US,CO
_i2lNuJr7Z3K1gsZuBtk2g,Il Posto,https://s3-media3.fl.yelpcdn.com/bphoto/PkTDrwudXEvSv7-wrY-Mog/o.jpg,FALSE,https://www.yelp.com/biz/il-posto-denver-4?adjust_creative=2HS7cwZSZjB4KpQC_8JOTw&utm_campaign=yelp_api_v3&utm_medium=api_v3_business_search&utm_source=2HS7cwZSZjB4KpQC_8JOTw,442,Wine Bar,3.5,$$$,(303) 394-0100,39.75899,-104.9853,2601 Larimer St,,,Denver,80205,US,CO
xxIlb8836QDY8iPNldVmfA,Venice Ristorante & Wine Bar,https://s3-media1.fl.yelpcdn.com/bphoto/3u-6BvU6N140JycU9MawaQ/o.jpg,FALSE,https://www.yelp.com/biz/venice-ristorante-and-wine-bar-denver-2?adjust_creative=2HS7cwZSZjB4KpQC_8JOTw&utm_campaign=yelp_api_v3&utm_medium=api_v3_business_search&utm_source=2HS7cwZSZjB4KpQC_8JOTw,360,Wine Bar,3.5,$$$,(303) 534-2222,39.7527782,-104.999532,1700 Wynkoop St,,,Denver,80202,US,CO
46gG3_h3zwFfkf4_183Ydg,Somebody People,https://s3-media2.fl.yelpcdn.com/bphoto/d19Y4NwsRY_mTQS9r28nGg/o.jpg,FALSE,https://www.yelp.com/biz/somebody-people-denver?adjust_creative=2HS7cwZSZjB4KpQC_8JOTw&utm_campaign=yelp_api_v3&utm_medium=api_v3_business_search&utm_source=2HS7cwZSZjB4KpQC_8JOTw,92,Wine Bar,4.5,$$,(720) 502-5681,39.695218,-104.987801,1165 S Broadway,Ste 104,,Denver,80210,US,CO
XFsr57iiMGVpLmSrqZnrEQ,Nonna's Chicago Bistro,https://s3-media1.fl.yelpcdn.com/bphoto/k37omQvs4DzLU2IlKvcK0Q/o.jpg,FALSE,https://www.yelp.com/biz/nonnas-chicago-bistro-denver-3?adjust_creative=2HS7cwZSZjB4KpQC_8JOTw&utm_campaign=yelp_api_v3&utm_medium=api_v3_business_search&utm_source=2HS7cwZSZjB4KpQC_8JOTw,260,Wine Bar,4,$$,(303) 399-2000,39.7028,-104.911849,6603 Leetsdale Dr,H & I,,Denver,80224,US,CO
57a4ZF4EQA-hESKM2pCi4w,Ruth's Chris Steak House,https://s3-media1.fl.yelpcdn.com/bphoto/-3yaw4NTyc9aQTbgnwjFZQ/o.jpg,FALSE,https://www.yelp.com/biz/ruths-chris-steak-house-denver-5?adjust_creative=2HS7cwZSZjB4KpQC_8JOTw&utm_campaign=yelp_api_v3&utm_medium=api_v3_business_search&utm_source=2HS7cwZSZjB4KpQC_8JOTw,325,Wine Bar,3.5,$$$,(303) 825-0713,39.74453213,-104.9933984,707 15th St,,,Denver,80202,US,CO
AHv9ZV6D_QUrw8rxfDaREQ,Pizza Republica,https://s3-media1.fl.yelpcdn.com/bphoto/0tFt01QgH0wQyGK9zF1NmA/o.jpg,FALSE,https://www.yelp.com/biz/pizza-republica-denver?adjust_creative=2HS7cwZSZjB4KpQC_8JOTw&utm_campaign=yelp_api_v3&utm_medium=api_v3_business_search&utm_source=2HS7cwZSZjB4KpQC_8JOTw,369,Wine Bar,3.5,$$,(303) 623-2811,39.7442288,-104.9962604,890 14th St,,,Denver,80202,US,CO
E4HzQMzTSWlRjc8_DCnOYg,Postino Broadway,https://s3-media1.fl.yelpcdn.com/bphoto/yXlL3qQiD_2vklbZlCQs0w/o.jpg,FALSE,https://www.yelp.com/biz/postino-broadway-denver-2?adjust_creative=2HS7cwZSZjB4KpQC_8JOTw&utm_campaign=yelp_api_v3&utm_medium=api_v3_business_search&utm_source=2HS7cwZSZjB4KpQC_8JOTw,95,Wine Bar,4.5,$$,(303) 351-7000,39.719146,-104.987748,145 N Broadway,,,Denver,80223,US,CO
A5_tuFXYDz7V_a0_7CbjfA,Luca,https://s3-media1.fl.yelpcdn.com/bphoto/veszphCDiuekT1ltDa0UcQ/o.jpg,FALSE,https://www.yelp.com/biz/luca-denver-2?adjust_creative=2HS7cwZSZjB4KpQC_8JOTw&utm_campaign=yelp_api_v3&utm_medium=api_v3_business_search&utm_source=2HS7cwZSZjB4KpQC_8JOTw,251,Wine Bar,3.5,$$$,(303) 832-6600,39.72754,-104.98378,711 Grant St,,,Denver,80203,US,CO
C41Csnb8IAXp1J6FezP6TA,Sienna Wine Bar & Small Plates,https://s3-media2.fl.yelpcdn.com/bphoto/5fisqvoKIHGTn035jPomng/o.jpg,FALSE,https://www.yelp.com/biz/sienna-wine-bar-and-small-plates-denver?adjust_creative=2HS7cwZSZjB4KpQC_8JOTw&utm_campaign=yelp_api_v3&utm_medium=api_v3_business_search&utm_source=2HS7cwZSZjB4KpQC_8JOTw,140,Wine Bar,4,$$,(303) 355-2202,39.7349699,-104.94666,3422 E 12th Ave,,,Denver,80206,US,CO
trkF3kSr-bMq2rQ4szY_pQ,Coperta,https://s3-media2.fl.yelpcdn.com/bphoto/LzzEXNUjpJrtedPacUpCng/o.jpg,FALSE,https://www.yelp.com/biz/coperta-denver?adjust_creative=2HS7cwZSZjB4KpQC_8JOTw&utm_campaign=yelp_api_v3&utm_medium=api_v3_business_search&utm_source=2HS7cwZSZjB4KpQC_8JOTw,251,Wine Bar,4,$$,(720) 749-4666,39.74742,-104.9821599,400 E 20th Ave,,,Denver,80205,US,CO
Ye5urXUjK0HbIDcsehFZTA,Officers Club,https://s3-media2.fl.yelpcdn.com/bphoto/8btJOUNTaKYGkOYZJGaZWw/o.jpg,FALSE,https://www.yelp.com/biz/officers-club-denver?adjust_creative=2HS7cwZSZjB4KpQC_8JOTw&utm_campaign=yelp_api_v3&utm_medium=api_v3_business_search&utm_source=2HS7cwZSZjB4KpQC_8JOTw,122,Wine Bar,4.5,$$$,(303) 284-0714,39.71929845,-104.8972661,84 Rampart Way,,,Denver,80230,US,CO
aYi87LRtyJd5O3qmJxmCgA,Vinue Food and Wine Bar,https://s3-media3.fl.yelpcdn.com/bphoto/Bi4n32Sn4DA_6Fxktejy4Q/o.jpg,FALSE,https://www.yelp.com/biz/vinue-food-and-wine-bar-denver?adjust_creative=2HS7cwZSZjB4KpQC_8JOTw&utm_campaign=yelp_api_v3&utm_medium=api_v3_business_search&utm_source=2HS7cwZSZjB4KpQC_8JOTw,197,Wine Bar,4,$$,(720) 287-1156,39.72124,-104.9543,2817 E 3rd Ave,Ste A,,Denver,80206,US,CO
EOh9f0jI92sZZa76QLKb-g,Beckon,https://s3-media2.fl.yelpcdn.com/bphoto/a8wDD-C6Af7dgS7ViiuL_A/o.jpg,FALSE,https://www.yelp.com/biz/beckon-denver?adjust_creative=2HS7cwZSZjB4KpQC_8JOTw&utm_campaign=yelp_api_v3&utm_medium=api_v3_business_search&utm_source=2HS7cwZSZjB4KpQC_8JOTw,65,Wine Bar,4.5,$$$$,(303) 749-0020,39.76115073,-104.9823384,2843 Larimer St,,,Denver,80205,US,CO
niBONW7lIuskJfvwReZn3A,Neighbors,https://s3-media2.fl.yelpcdn.com/bphoto/6ECyRBzWVKcLiM6JtD_XRA/o.jpg,FALSE,https://www.yelp.com/biz/neighbors-denver?adjust_creative=2HS7cwZSZjB4KpQC_8JOTw&utm_campaign=yelp_api_v3&utm_medium=api_v3_business_search&utm_source=2HS7cwZSZjB4KpQC_8JOTw,96,Wine Bar,4.5,$$,(303) 333-1149,39.74947,-104.91732,2202 Kearney St,,,Denver,80207,US,CO
6dmt-ALx7sWcIThFLCTXmw,Logan Street,https://s3-media2.fl.yelpcdn.com/bphoto/MeZMY-mANtlswb3iPXnkTA/o.jpg,FALSE,https://www.yelp.com/biz/logan-street-denver?adjust_creative=2HS7cwZSZjB4KpQC_8JOTw&utm_campaign=yelp_api_v3&utm_medium=api_v3_business_search&utm_source=2HS7cwZSZjB4KpQC_8JOTw,80,Wine Bar,4.5,$$,(720) 617-9400,39.72714,-104.98222,400 E 7th Ave,,,Denver,80203,US,CO
Amdl104fBJHDk_-Kpiic6w,Lady Jane,https://s3-media1.fl.yelpcdn.com/bphoto/53CV7ysG1QeMcfPfJGQU9g/o.jpg,FALSE,https://www.yelp.com/biz/lady-jane-denver-2?adjust_creative=2HS7cwZSZjB4KpQC_8JOTw&utm_campaign=yelp_api_v3&utm_medium=api_v3_business_search&utm_source=2HS7cwZSZjB4KpQC_8JOTw,60,Wine Bar,4.5,$$,(720) 328-9288,39.762422,-105.011744,2021 W 32nd Ave,,,Denver,80211,US,CO
_nAgQgTcV2YslQyUSmnw8Q,Annette,https://s3-media3.fl.yelpcdn.com/bphoto/S1PXvDGeZZTu-FnBsy7npA/o.jpg,FALSE,https://www.yelp.com/biz/annette-aurora?adjust_creative=2HS7cwZSZjB4KpQC_8JOTw&utm_campaign=yelp_api_v3&utm_medium=api_v3_business_search&utm_source=2HS7cwZSZjB4KpQC_8JOTw,239,Wine Bar,4.5,$$$,(720) 710-9975,39.75223,-104.87738,2501 Dallas St,,,Aurora,80010,US,CO
X0kfyqjT5JOwmeB_oJjimA,Morin,https://s3-media3.fl.yelpcdn.com/bphoto/8cl1f6eAS498S9lyB0LZRQ/o.jpg,FALSE,https://www.yelp.com/biz/morin-denver?adjust_creative=2HS7cwZSZjB4KpQC_8JOTw&utm_campaign=yelp_api_v3&utm_medium=api_v3_business_search&utm_source=2HS7cwZSZjB4KpQC_8JOTw,99,Wine Bar,4,,(303) 623-0534,39.75033,-105.00167,1600 15th St,,,Denver,80202,US,CO
OgrKMHnZInBRJb9VxC4RyQ,Carboy Winery - Denver,https://s3-media3.fl.yelpcdn.com/bphoto/iDy279lXKJshnkE4t3GaFg/o.jpg,FALSE,https://www.yelp.com/biz/carboy-winery-denver-denver?adjust_creative=2HS7cwZSZjB4KpQC_8JOTw&utm_campaign=yelp_api_v3&utm_medium=api_v3_business_search&utm_source=2HS7cwZSZjB4KpQC_8JOTw,33,Wine Bar,4.5,$$,(720) 617-9410,39.72714,-104.98222,400 E 7th Ave,,,Denver,80203,US,CO
QKwQdYG-K_JNjhNY6NI3yQ,Earnest Hall,https://s3-media2.fl.yelpcdn.com/bphoto/vOUbLZQkhTFiUc0HZtyQcA/o.jpg,FALSE,https://www.yelp.com/biz/earnest-hall-denver?adjust_creative=2HS7cwZSZjB4KpQC_8JOTw&utm_campaign=yelp_api_v3&utm_medium=api_v3_business_search&utm_source=2HS7cwZSZjB4KpQC_8JOTw,33,Wine Bar,4.5,,(303) 955-5580,39.776858,-105.0244649,2915 W 44th Ave,,,Denver,80211,US,CO
JcHq_35kuy502hLM1w_5ew,Noble Riot Wine Bar,https://s3-media4.fl.yelpcdn.com/bphoto/5k5IQSoZdnc7ugfbJ4bt-A/o.jpg,FALSE,https://www.yelp.com/biz/noble-riot-wine-bar-denver?adjust_creative=2HS7cwZSZjB4KpQC_8JOTw&utm_campaign=yelp_api_v3&utm_medium=api_v3_business_search&utm_source=2HS7cwZSZjB4KpQC_8JOTw,29,Wine Bar,4.5,$$,(303) 993-5330,39.75972,-104.98463,1336 27th St,,,Denver,80205,US,CO
cQvDhCiTC1q6-ofQgoPFwg,Cart-Driver Lohi,https://s3-media2.fl.yelpcdn.com/bphoto/ZHlZTRPUfFvffHy9J1neYw/o.jpg,FALSE,https://www.yelp.com/biz/cart-driver-lohi-denver?adjust_creative=2HS7cwZSZjB4KpQC_8JOTw&utm_campaign=yelp_api_v3&utm_medium=api_v3_business_search&utm_source=2HS7cwZSZjB4KpQC_8JOTw,22,Wine Bar,4.5,,(720) 501-2264,39.759842,-105.01427,2239 W 30th Ave,,,Denver,80211,US,CO
KfshPR2zeBIb4XKgAA4zEA,Sunday Vinyl,https://s3-media4.fl.yelpcdn.com/bphoto/p-usra4Hsm2Zkloyky4a4g/o.jpg,FALSE,https://www.yelp.com/biz/sunday-vinyl-denver?adjust_creative=2HS7cwZSZjB4KpQC_8JOTw&utm_campaign=yelp_api_v3&utm_medium=api_v3_business_search&utm_source=2HS7cwZSZjB4KpQC_8JOTw,27,Wine Bar,4.5,$$$,(720) 738-1803,39.75275495,-105.0011706,1803 16th St Mall,,,Denver,80202,US,CO
IFI6Fbp4JMn_ijznHBNAiA,The Greedy Hamster,https://s3-media4.fl.yelpcdn.com/bphoto/wgK9n0W4KMTAnthu5C5t8g/o.jpg,FALSE,https://www.yelp.com/biz/the-greedy-hamster-denver-2?adjust_creative=2HS7cwZSZjB4KpQC_8JOTw&utm_campaign=yelp_api_v3&utm_medium=api_v3_business_search&utm_source=2HS7cwZSZjB4KpQC_8JOTw,301,Wine Bar,4,$$,(303) 623-2818,39.74127579,-104.9915161,323 14th St,,,Denver,80202,US,CO
oS0aW6L1uSNigWvDgE76jw,Undici Ristorante,https://s3-media3.fl.yelpcdn.com/bphoto/r_VQtv94hC94BfyT5qzqxw/o.jpg,FALSE,https://www.yelp.com/biz/undici-ristorante-englewood?adjust_creative=2HS7cwZSZjB4KpQC_8JOTw&utm_campaign=yelp_api_v3&utm_medium=api_v3_business_search&utm_source=2HS7cwZSZjB4KpQC_8JOTw,205,Wine Bar,4,$$,(303) 761-2828,39.65286,-104.97329,1200 E Hampden Ave,,,Englewood,80113,US,CO
lzUBRCoBfJEtOp5KzJlw_w,Pino's Place,https://s3-media3.fl.yelpcdn.com/bphoto/mnGCikMVxDtKpmUhs3Erqg/o.jpg,FALSE,https://www.yelp.com/biz/pinos-place-cherry-hills-village?adjust_creative=2HS7cwZSZjB4KpQC_8JOTw&utm_campaign=yelp_api_v3&utm_medium=api_v3_business_search&utm_source=2HS7cwZSZjB4KpQC_8JOTw,194,Wine Bar,4,$$,(303) 761-9917,39.6529,-104.970812,1400 E Hampden Ave,Ste 140,,Cherry Hills Village,80113,US,CO
BtYImEGgLToHQfsDxhXh0g,The Molecule Effect - Wash Park,https://s3-media1.fl.yelpcdn.com/bphoto/2sZTSQVDEVMmi0cLfFTD2g/o.jpg,FALSE,https://www.yelp.com/biz/the-molecule-effect-wash-park-denver?adjust_creative=2HS7cwZSZjB4KpQC_8JOTw&utm_campaign=yelp_api_v3&utm_medium=api_v3_business_search&utm_source=2HS7cwZSZjB4KpQC_8JOTw,8,Wine Bar,5,,(720) 350-4065,39.710961,-104.982374,300 S Logan St,Ste 101,,Denver,80209,US,CO
K06lMZB5QhZyo_KSr5jfZQ,Stranahan's Colorado Whiskey,https://s3-media4.fl.yelpcdn.com/bphoto/sSk1-vYp7n35Da10MKvvWw/o.jpg,FALSE,https://www.yelp.com/biz/stranahans-colorado-whiskey-denver-2?adjust_creative=2HS7cwZSZjB4KpQC_8JOTw&utm_campaign=yelp_api_v3&utm_medium=api_v3_business_search&utm_source=2HS7cwZSZjB4KpQC_8JOTw,508,Distillery,5,$$,(303) 296-7440,39.7127,-104.99876,200 S Kalamath St,,,Denver,80223,US,CO
DhnJbIRa-3zkqEH7vLGodQ,Leopold Brothers,https://s3-media1.fl.yelpcdn.com/bphoto/nCq2-VfjrC7gMuqNLSt9lg/o.jpg,FALSE,https://www.yelp.com/biz/leopold-brothers-denver?adjust_creative=2HS7cwZSZjB4KpQC_8JOTw&utm_campaign=yelp_api_v3&utm_medium=api_v3_business_search&utm_source=2HS7cwZSZjB4KpQC_8JOTw,128,Distillery,5,$$,(303) 307-1515,39.79273,-104.86244,5285 Joliet St,,,Denver,80239,US,CO
jqXb8ncCZ2UsyPWUyFHjgQ,The Family Jones,https://s3-media4.fl.yelpcdn.com/bphoto/b2N0DLQ3PTI8znK_no3bag/o.jpg,FALSE,https://www.yelp.com/biz/the-family-jones-denver-2?adjust_creative=2HS7cwZSZjB4KpQC_8JOTw&utm_campaign=yelp_api_v3&utm_medium=api_v3_business_search&utm_source=2HS7cwZSZjB4KpQC_8JOTw,117,Distillery,4.5,$$,(303) 481-8185,39.76292,-105.0056,3245 Osage St,,,Denver,80211,US,CO
mcpZIYiBWwKDtw8SddTenA,Bear Creek Distillery,https://s3-media1.fl.yelpcdn.com/bphoto/O_iLAzLOpm3BuWH1PasZhQ/o.jpg,FALSE,https://www.yelp.com/biz/bear-creek-distillery-denver-2?adjust_creative=2HS7cwZSZjB4KpQC_8JOTw&utm_campaign=yelp_api_v3&utm_medium=api_v3_business_search&utm_source=2HS7cwZSZjB4KpQC_8JOTw,101,Distillery,4.5,$$,(303) 955-4638,39.68257141,-104.9891129,1879 S Acoma St,,,Denver,80223,US,CO
iEZvQg5mha6hLemB_vHoUQ,Mythology Distillery,https://s3-media3.fl.yelpcdn.com/bphoto/WOd9I1QRwHJPtWF_3Jf9WA/o.jpg,FALSE,https://www.yelp.com/biz/mythology-distillery-denver-2?adjust_creative=2HS7cwZSZjB4KpQC_8JOTw&utm_campaign=yelp_api_v3&utm_medium=api_v3_business_search&utm_source=2HS7cwZSZjB4KpQC_8JOTw,84,Distillery,4.5,$$,(720) 458-0501,39.76737002,-105.01103,3622 Tejon St,,,Denver,80211,US,CO
iokZnb8wIN2B4JfrHPto0w,Mile High Spirits,https://s3-media1.fl.yelpcdn.com/bphoto/PVV0Xd5X-5O7ICAVEmmagg/o.jpg,FALSE,https://www.yelp.com/biz/mile-high-spirits-denver-2?adjust_creative=2HS7cwZSZjB4KpQC_8JOTw&utm_campaign=yelp_api_v3&utm_medium=api_v3_business_search&utm_source=2HS7cwZSZjB4KpQC_8JOTw,177,Distillery,4,$$,(303) 296-2226,39.75454,-104.9892799,2201 Lawrence St,,,Denver,80205,US,CO
4n3PN3hCimCgC4tl1DJ_CQ,Laws Whiskey House,https://s3-media3.fl.yelpcdn.com/bphoto/YPDqVJ4_lCXri6l1J5X69Q/o.jpg,FALSE,https://www.yelp.com/biz/laws-whiskey-house-denver?adjust_creative=2HS7cwZSZjB4KpQC_8JOTw&utm_campaign=yelp_api_v3&utm_medium=api_v3_business_search&utm_source=2HS7cwZSZjB4KpQC_8JOTw,55,Distillery,4.5,$,(720) 570-1420,39.690727,-104.988411,1420 S Acoma St,,,Denver,80223,US,CO
KF0KXGAzfCixrLKcCHNfRw,Ironton Distillery & Crafthouse,https://s3-media1.fl.yelpcdn.com/bphoto/3Wa0omJ9Swp-Z7ixxo429w/o.jpg,FALSE,https://www.yelp.com/biz/ironton-distillery-and-crafthouse-denver?adjust_creative=2HS7cwZSZjB4KpQC_8JOTw&utm_campaign=yelp_api_v3&utm_medium=api_v3_business_search&utm_source=2HS7cwZSZjB4KpQC_8JOTw,93,Distillery,4.5,$$,(720) 532-0937,39.772877,-104.978491,3636 Chestnut Pl,,,Denver,80216,US,CO
b2DXzcCGcMAnvCa81mu3PA,Archetype Distillery,https://s3-media2.fl.yelpcdn.com/bphoto/iSXOpv85eSbD0130W9XDXg/o.jpg,FALSE,https://www.yelp.com/biz/archetype-distillery-denver?adjust_creative=2HS7cwZSZjB4KpQC_8JOTw&utm_campaign=yelp_api_v3&utm_medium=api_v3_business_search&utm_source=2HS7cwZSZjB4KpQC_8JOTw,37,Distillery,5,$$,(303) 999-0105,39.71447677,-104.987834,119 S Broadway,,,Denver,80209,US,CO
UrVfPOPpYe-DXhwgXaVtzQ,The Block Distilling,https://s3-media3.fl.yelpcdn.com/bphoto/B54tDakr7Mg-L0e6m8g2uQ/o.jpg,FALSE,https://www.yelp.com/biz/the-block-distilling-denver-3?adjust_creative=2HS7cwZSZjB4KpQC_8JOTw&utm_campaign=yelp_api_v3&utm_medium=api_v3_business_search&utm_source=2HS7cwZSZjB4KpQC_8JOTw,79,Distillery,4,$$,(303) 484-9033,39.76206,-104.98058,2990 Larimer St,,,Denver,80205,US,CO
PXvh2Xj0I4h6FRHztOGjrw,Denver Distillery,https://s3-media1.fl.yelpcdn.com/bphoto/kTzt3JGn8WvbbslarsZoQA/o.jpg,FALSE,https://www.yelp.com/biz/denver-distillery-denver?adjust_creative=2HS7cwZSZjB4KpQC_8JOTw&utm_campaign=yelp_api_v3&utm_medium=api_v3_business_search&utm_source=2HS7cwZSZjB4KpQC_8JOTw,45,Distillery,4.5,$$,(720) 381-3226,39.7121735,-104.987384,244 S Broadway,,,Denver,80209,US,CO
2AMRGlJ8xWjRd6K4DeM6Bw,Deviation Distilling,https://s3-media3.fl.yelpcdn.com/bphoto/ptw04qaA3LpNypjAQA-suA/o.jpg,FALSE,https://www.yelp.com/biz/deviation-distilling-denver?adjust_creative=2HS7cwZSZjB4KpQC_8JOTw&utm_campaign=yelp_api_v3&utm_medium=api_v3_business_search&utm_source=2HS7cwZSZjB4KpQC_8JOTw,19,Distillery,5,,(720) 645-1539,39.718308,-104.999183,900 W 1st Ave,Ste 150,,Denver,80223,US,CO
UbISbydUifsWeP6ADYZkRw,Rising Sun Distillery,https://s3-media2.fl.yelpcdn.com/bphoto/6O8hAqq6WJ1AHx1FhB4SlA/o.jpg,FALSE,https://www.yelp.com/biz/rising-sun-distillery-denver?adjust_creative=2HS7cwZSZjB4KpQC_8JOTw&utm_campaign=yelp_api_v3&utm_medium=api_v3_business_search&utm_source=2HS7cwZSZjB4KpQC_8JOTw,23,Distillery,4.5,$$,(303) 534-1788,39.737311,-105.015062,1330 Zuni St,Ste J,,Denver,80204,US,CO
LHw3BtwW7om_8TbrEr9psg,Tighe Brothers Distillery,https://s3-media1.fl.yelpcdn.com/bphoto/9ftva89H0Nx7t1zQYNxXwQ/o.jpg,FALSE,https://www.yelp.com/biz/tighe-brothers-distillery-denver?adjust_creative=2HS7cwZSZjB4KpQC_8JOTw&utm_campaign=yelp_api_v3&utm_medium=api_v3_business_search&utm_source=2HS7cwZSZjB4KpQC_8JOTw,10,Distillery,5,$$,(303) 635-6177,39.77534791,-104.9517897,4200 Milwaukee St,,,Denver,80216,US,CO
AT40GuKOGj-KTBtJnIdrzw,Devil's Head Distillery,https://s3-media2.fl.yelpcdn.com/bphoto/X2_nloXCPlUhHS2ui7fpBg/o.jpg,FALSE,https://www.yelp.com/biz/devils-head-distillery-englewood?adjust_creative=2HS7cwZSZjB4KpQC_8JOTw&utm_campaign=yelp_api_v3&utm_medium=api_v3_business_search&utm_source=2HS7cwZSZjB4KpQC_8JOTw,37,Distillery,4.5,$$,(720) 668-8770,39.65651813,-104.9888008,3296 S Acoma St,,,Englewood,80110,US,CO
JNfwcgL65DJtPt_e4Pq_Ig,Talnua Distillery and Tasting Room,https://s3-media3.fl.yelpcdn.com/bphoto/zXT-k6zsYulPHsHm8tzkqw/o.jpg,FALSE,https://www.yelp.com/biz/talnua-distillery-and-tasting-room-arvada?adjust_creative=2HS7cwZSZjB4KpQC_8JOTw&utm_campaign=yelp_api_v3&utm_medium=api_v3_business_search&utm_source=2HS7cwZSZjB4KpQC_8JOTw,11,Distillery,5,,(303) 431-4949,39.80048,-105.05487,5405 W 56th Ave,Unit C,,Arvada,80002,US,CO
EulPLFbdJqfrFBxpu6x0Eg,Molly Brown Spirits,https://s3-media1.fl.yelpcdn.com/bphoto/7JaIcHz3AegTKsJ83Cn5dQ/o.jpg,FALSE,https://www.yelp.com/biz/molly-brown-spirits-denver?adjust_creative=2HS7cwZSZjB4KpQC_8JOTw&utm_campaign=yelp_api_v3&utm_medium=api_v3_business_search&utm_source=2HS7cwZSZjB4KpQC_8JOTw,1,Distillery,5,,(303) 332-4615,39.835885,-104.960112,2300 E 77th Ave,Unit 300,,Denver,80229,US,CO
